campaign_id,campaign_name,platform,region,audience,normalized_audience,objective,theme,format,creative_id,cta,launch_date,end_date,daily_budget,linked_experiment_id,data_quality_flag,total_spend,impressions,clicks,ctr_pct,conversions,cpl,qualified_leads,opportunities,pipeline,arr,pipeline_per_dollar,arr_per_dollar
C001,GO_France_Law_Firm_-_Mid-Market_Security_Demo_001,Google,France,Law Firm - Mid-Market,Law Firm - Mid-Market,Demo,Security,RSA,CR025,Talk to Sales,2026-05-07,2026-06-30,250,E011,Under-tested theme; Attribution immature,11497.89,359756,10950,3.044,573,20.07,253,32,1998143,569817,173.78,49.56
C002,LI_US_Law_Firm_-_Enterprise_ROI_Demo_002,LinkedIn,US,Law Firm - Enterprise,Law Firm - Enterprise,Demo,ROI,Static,CR001,Book Demo,2026-01-31,2026-03-05,350,,,9368.59,139573,1518,1.088,70,133.84,33,0,0,0,0.0,0.0
C003,ME_US_Law_Firm_-_Enterprise_Customer_Proof_Demo_003,Meta,US,Law Firm - Enterprise,Law Firm - Enterprise,Demo,Customer Proof,Video,CR015,Talk to Sales,2026-03-03,2026-04-21,750,E003,High volume / low quality,30793.36,1610639,25852,1.605,1882,16.36,598,91,9494659,2610677,308.33,84.78
C004,GO_UK_Law_Firm_-_Mid-Market_Speed_Content_Download_004,Google,UK,Law Firm - Mid-Market,Law Firm - Mid-Market,Content Download,Speed,Responsive Display,CR029,Learn More,2026-03-01,2026-04-09,500,,,16341.49,510879,19437,3.805,2752,5.94,1582,333,22629774,6034584,1384.8,369.28
C005,LI_US_LF_ENT_Workflow_Automation_Webinar_005,LinkedIn,US,LF ENT,Law Firm - Enterprise,Webinar,Workflow Automation,Carousel,CR020,Save Your Seat,2026-02-24,2026-04-18,1000,,,44153.52,638213,6528,1.023,603,73.22,294,43,5477962,1617689,124.07,36.64
C006,ME_France_In-House_-_Mid-Market_AI_Productivity_Webinar_006,Meta,France,In-House - Mid-Market,In-House - Mid-Market,Webinar,AI Productivity,Carousel,CR011,Save Your Seat,2026-02-01,2026-04-06,1000,,High volume / low quality,51544.78,2706288,49103,1.814,5976,8.63,1665,368,28459904,7981089,552.14,154.84
C007,GO_US_Law_Firm_-_Mid-Market_ROI_Demo_007,Google,US,Law Firm - Mid-Market,Law Firm - Mid-Market,Demo,ROI,Responsive Display,CR001,Book Demo,2026-01-14,2026-02-13,750,E014,,18543.09,580414,20623,3.553,1107,16.75,747,178,11739122,3258233,633.07,175.71
C008,LI_US_Law_Firm_-_Mid-Market_Speed_Demo_008,LinkedIn,US,Law Firm - Mid-Market,Law Firm - Mid-Market,Demo,Speed,Static,CR027,Talk to Sales,2026-01-10,2026-02-16,1000,E006,,32391.47,474334,5190,1.094,258,125.55,113,1,49029,11244,1.51,0.35
C009,ME_US_In-House_-_Enterprise_AI_Productivity_Demo_009,Meta,US,In-House - Enterprise,In-House - Enterprise,Demo,AI Productivity,Video,CR012,Book Demo,2026-04-05,2026-05-26,1000,,High volume / low quality,41354.15,2132028,40906,1.919,2846,14.53,852,140,12816148,3465501,309.91,83.8
C010,GO_US_Law_Firm_-_Mid-Market_ROI_Webinar_010,Google,US,Law Firm - Mid-Market,Law Firm - Mid-Market,Webinar,ROI,RSA,CR002,Save Your Seat,2026-02-14,2026-03-15,500,E001,,11977.37,378859,13996,3.694,1263,9.48,897,268,21446813,6024159,1790.61,502.96
C011,LI_UK_In-House_-_Mid-Market_Speed_Demo_011,LinkedIn,UK,In-House - Mid-Market,In-House - Mid-Market,Demo,Speed,Carousel,CR031,Book Demo,2026-04-17,2026-05-19,500,,,13438.86,199362,2220,1.114,110,122.17,35,0,0,0,0.0,0.0
C012,ME_DACH_In-House_-_Enterprise_AI_Productivity_Demo_012,Meta,DACH,In-House - Enterprise,In-House - Enterprise,Demo,AI Productivity,Video,CR012,Book Demo,2026-04-07,2026-05-30,1000,,High volume / low quality,43891.57,2319825,43390,1.87,2851,15.4,835,130,13263071,3573537,302.18,81.42
C013,GO_UK_In-House_-_Enterprise_ROI_Demo_013,Google,UK,In-House - Enterprise,In-House - Enterprise,Demo,ROI,RSA,CR004,Book Demo,2026-05-12,2026-06-16,500,E004,,14324.73,444327,15905,3.58,895,16.01,638,159,14606680,4026778,1019.68,281.11
C014,LI_US_Law_Firm_-_Mid-Market_ROI_Demo_014,LinkedIn,US,Law Firm - Mid-Market,Law Firm - Mid-Market,Demo,ROI,Video,CR003,Talk to Sales,2026-02-27,2026-03-24,1500,E004,,30092.39,439063,4721,1.075,246,122.33,136,15,1011596,274859,33.62,9.13
C015,ME_France_Law_Firm_-_Mid-Market_ROI_Demo_015,Meta,France,Law Firm - Mid-Market,Law Firm - Mid-Market,Demo,ROI,Carousel,CR002,Book Demo,2026-02-24,2026-03-23,750,,High volume / low quality,17817.49,937562,16490,1.759,1150,15.49,356,66,4345855,1202160,243.91,67.47
C016,GO_US_In-House_-_Mid-Market_Customer_Proof_Content_Download_016,Google,US,In-House - Mid-Market,In-House - Mid-Market,Content Download,Customer Proof,Responsive Display,CR017,Learn More,2026-04-28,2026-06-24,250,E015,Attribution immature,12035.77,374228,12682,3.389,1827,6.59,1044,208,13723882,3811373,1140.26,316.67
C017,LI_UK_Law_Firm_-_Mid-Market_AI_Productivity_Demo_017,LinkedIn,UK,Law Firm - Mid-Market,Law Firm - Mid-Market,Demo,AI Productivity,Static,CR007,Book Demo,2026-04-05,2026-06-07,250,,,13069.68,192541,2131,1.107,79,165.44,11,0,0,0,0.0,0.0
C018,ME_US_In-House_-_Enterprise_Workflow_Automation_Webinar_018,Meta,US,In-House - Enterprise,In-House - Enterprise,Webinar,Workflow Automation,Carousel,CR023,Save Your Seat,2026-01-09,2026-02-16,1500,,High volume / low quality,46761.57,2453060,42389,1.728,5148,9.08,1497,349,40355224,10804297,863.0,231.05
C019,GO_US_In-House_-_Mid-Market_Security_Webinar_019,Google,US,In-House - Mid-Market,In-House - Mid-Market,Webinar,Security,Responsive Display,CR026,Register,2026-02-27,2026-04-04,1500,E011,Under-tested theme,44831.71,1374902,43028,3.13,4300,10.43,2420,695,52221021,14469870,1164.82,322.76
C020,LI_UK_In-House_-_Enterprise_Customer_Proof_Content_Download_020,LinkedIn,UK,In-House - Enterprise,In-House - Enterprise,Content Download,Customer Proof,Video,CR018,Learn More,2026-05-15,2026-06-06,1000,E008,,18398.38,271124,2800,1.033,417,44.12,251,39,4073039,1163855,221.38,63.26
C021,ME_US_In-House_-_Enterprise_Workflow_Automation_Webinar_021,Meta,US,In-House - Enterprise,In-House - Enterprise,Webinar,Workflow Automation,Video,CR024,Save Your Seat,2026-04-27,2026-06-01,500,,High volume / low quality,14508.14,765705,12852,1.678,1473,9.85,430,88,9341333,2691302,643.87,185.5
C022,GO_UK_In-House_-_Enterprise_Speed_Demo_022,Google,UK,In-House - Enterprise,In-House - Enterprise,Demo,Speed,RSA,CR032,Book Demo,2026-05-06,2026-06-25,1500,,Attribution immature,61214.19,1923836,71958,3.74,3953,15.49,2123,442,42815327,12038252,699.43,196.66
C023,LI_France_In-House_-_Mid-Market_Speed_Demo_023,LinkedIn,France,In-House - Mid-Market,In-House - Mid-Market,Demo,Speed,Video,CR032,Talk to Sales,2026-02-17,2026-03-11,1500,,,27234.14,402348,4625,1.15,240,113.48,103,5,360495,100690,13.24,3.7
C024,ME_UK_Law_Firm_-_Mid-Market_Workflow_Automation_Content_Download_024,Meta,UK,Law Firm - Mid-Market,Law Firm - Mid-Market,Content Download,Workflow Automation,Carousel,CR020,Learn More,2026-04-15,2026-06-17,350,,High volume / low quality; Attribution immature,17601.77,921762,15004,1.628,2542,6.92,676,97,6270673,1776220,356.25,100.91
C025,GO_UK_LF_ENT_ROI_Demo_025,Google,UK,LF ENT,Law Firm - Enterprise,Demo,ROI,RSA,CR002,Talk to Sales,2026-04-22,2026-06-05,1000,E017,,37344.99,1156914,43192,3.733,2286,16.34,1650,414,39041856,10758157,1045.44,288.07
C026,LI_DACH_In-House_-_Enterprise_Workflow_Automation_Content_Download_026,LinkedIn,DACH,In-House - Enterprise,In-House - Enterprise,Content Download,Workflow Automation,Carousel,CR023,Download Guide,2026-01-08,2026-02-27,250,,,10641.8,157781,1592,1.009,196,54.29,85,0,0,0,0.0,0.0
C027,ME_US_Law_Firm_-_Enterprise_ROI_Webinar_027,Meta,US,Law Firm - Enterprise,Law Firm - Enterprise,Webinar,ROI,Carousel,CR002,Register,2026-03-18,2026-05-18,1500,E001,High volume / low quality,75903.62,3991548,66036,1.654,7770,9.77,2704,751,88916818,25023728,1171.44,329.68
C028,GO_France_Law_Firm_-_Enterprise_AI_Productivity_Webinar_028,Google,France,Law Firm - Enterprise,Law Firm - Enterprise,Webinar,AI Productivity,Responsive Display,CR008,Register,2026-02-09,2026-04-12,500,E002,,25333.37,791524,31019,3.919,2968,8.54,1830,463,53158442,14998410,2098.36,592.04
C029,LI_US_In-House_-_Enterprise_ROI_Webinar_029,LinkedIn,US,In-House - Enterprise,In-House - Enterprise,Webinar,ROI,Carousel,CR005,Register,2026-05-02,2026-06-03,350,E010,,9231.37,133120,1413,1.061,117,78.9,58,1,61714,14691,6.69,1.59
C030,ME_US_In-House_-_Enterprise_Speed_Demo_030,Meta,US,In-House - Enterprise,In-House - Enterprise,Demo,Speed,Video,CR032,Talk to Sales,2026-02-25,2026-03-28,1000,,High volume / low quality,25156.77,1333582,24382,1.828,1601,15.71,453,70,6149182,1697832,244.43,67.49
C031,GO_DACH_Law_Firm_-_Mid-Market_Security_Content_Download_031,Google,DACH,Law Firm - Mid-Market,Law Firm - Mid-Market,Content Download,Security,RSA,CR025,Learn More,2026-02-16,2026-04-02,250,E011,Under-tested theme,9297.2,291491,8960,3.074,1237,7.52,708,144,8558387,2384195,920.53,256.44
C032,LI_UK_In-House_-_Mid-Market_AI_Productivity_Demo_032,LinkedIn,UK,In-House - Mid-Market,In-House - Mid-Market,Demo,AI Productivity,Static,CR010,Talk to Sales,2026-03-22,2026-05-29,500,,,27925.69,407763,4530,1.111,215,129.89,66,0,0,0,0.0,0.0
C033,ME_US_Law_Firm_-_Mid-Market_Speed_Demo_033,Meta,US,Law Firm - Mid-Market,Law Firm - Mid-Market,Demo,Speed,Carousel,CR028,Talk to Sales,2026-04-14,2026-05-20,1000,,High volume / low quality,29379.28,1584072,29909,1.888,2003,14.67,523,78,4865463,1433707,165.61,48.8
C034,GO_UK_In-House_-_Enterprise_Workflow_Automation_Demo_034,Google,UK,In-House - Enterprise,In-House - Enterprise,Demo,Workflow Automation,Responsive Display,CR024,Book Demo,2026-04-27,2026-06-21,750,,Attribution immature,33811.53,1073611,37001,3.446,1982,17.06,1144,227,21171022,5991504,626.15,177.2
C035,LI_France_In-House_-_Enterprise_ROI_Demo_035,LinkedIn,France,In-House - Enterprise,In-House - Enterprise,Demo,ROI,Static,CR004,Talk to Sales,2026-03-11,2026-04-16,500,,,14904.3,218143,2293,1.051,103,144.7,49,0,0,0,0.0,0.0
C036,ME_UK_In-House_-_Enterprise_Workflow_Automation_Content_Download_036,Meta,UK,In-House - Enterprise,In-House - Enterprise,Content Download,Workflow Automation,Video,CR024,Learn More,2026-05-06,2026-06-11,750,,High volume / low quality,22561.02,1185730,20223,1.706,3465,6.51,1046,176,19026249,5523288,843.32,244.82
C037,GO_US_Law_Firm_-_Enterprise_Workflow_Automation_Webinar_037,Google,US,Law Firm - Enterprise,Law Firm - Enterprise,Webinar,Workflow Automation,Responsive Display,CR019,Register,2026-04-02,2026-05-01,1000,E018,,25568.91,798683,27860,3.488,2623,9.75,1629,444,52873034,14337111,2067.86,560.72
C038,LI_US_Law_Firm_-_Enterprise_Speed_Demo_038,LinkedIn,US,Law Firm - Enterprise,Law Firm - Enterprise,Demo,Speed,Static,CR027,Book Demo,2026-05-15,2026-06-30,350,,Attribution immature,13457.2,197307,2194,1.112,94,143.16,22,0,0,0,0.0,0.0
C039,ME_US_In-House_-_Mid-Market_AI_Productivity_Webinar_039,Meta,US,In-House - Mid-Market,In-House - Mid-Market,Webinar,AI Productivity,Static,CR010,Save Your Seat,2026-02-11,2026-04-09,750,,High volume / low quality,35469.81,1849138,33922,1.834,4049,8.76,1118,245,20483391,5810530,577.49,163.82
C040,GO_DACH_In-House_-_Enterprise_Workflow_Automation_Webinar_040,Google,DACH,In-House - Enterprise,In-House - Enterprise,Webinar,Workflow Automation,Responsive Display,CR023,Save Your Seat,2026-01-28,2026-03-30,500,E018,,24896.29,769987,27048,3.513,2498,9.97,1551,403,47776340,13637417,1919.01,547.77
C041,LI_UK_Law_Firm_-_Enterprise_Speed_Demo_041,LinkedIn,UK,Law Firm - Enterprise,Law Firm - Enterprise,Demo,Speed,Static,CR027,Book Demo,2026-02-01,2026-03-22,350,E006,,14040.91,205932,2324,1.129,97,144.75,30,0,0,0,0.0,0.0
C042,ME_France_In-House_-_Mid-Market_ROI_Demo_042,Meta,France,In-House - Mid-Market,In-House - Mid-Market,Demo,ROI,Static,CR004,Book Demo,2026-03-11,2026-04-06,350,,High volume / low quality,7441.04,392451,6787,1.729,449,16.57,124,16,1075905,303709,144.59,40.82
C043,GO_US_Law_Firm_-_Enterprise_ROI_Demo_043,Google,US,Law Firm - Enterprise,Law Firm - Enterprise,Demo,ROI,RSA,CR003,Book Demo,2026-04-30,2026-06-24,350,,Attribution immature,16133.26,512255,18593,3.63,1005,16.05,640,144,14724291,3994908,912.67,247.62
C044,LI_US_In-House_-_Mid-Market_Speed_Content_Download_044,LinkedIn,US,In-House - Mid-Market,In-House - Mid-Market,Content Download,Speed,Static,CR030,Download Guide,2026-04-13,2026-06-15,750,,,38788.11,573911,6130,1.068,860,45.1,387,43,3088297,860605,79.62,22.19
C045,ME_France_Law_Firm_-_Enterprise_AI_Productivity_Webinar_045,Meta,France,Law Firm - Enterprise,Law Firm - Enterprise,Webinar,AI Productivity,Static,CR007,Register,2026-02-07,2026-03-29,1500,,High volume / low quality,61472.71,3197731,60670,1.897,7199,8.54,2217,516,58630243,16389146,953.76,266.61
C046,GO_US_Law_Firm_-_Mid-Market_Customer_Proof_Webinar_046,Google,US,Law Firm - Mid-Market,Law Firm - Mid-Market,Webinar,Customer Proof,RSA,CR014,Register,2026-03-28,2026-05-26,500,E015,,23870.59,746546,25218,3.378,2588,9.22,1609,414,31091336,8659630,1302.5,362.77
C047,LI_US_In-House_-_Mid-Market_ROI_Demo_047,LinkedIn,US,In-House - Mid-Market,In-House - Mid-Market,Demo,ROI,Static,CR004,Book Demo,2026-03-07,2026-04-19,350,E010,,12022.26,176675,1906,1.079,82,146.61,26,0,0,0,0.0,0.0
C048,ME_DACH_Law_Firm_-_Mid-Market_Speed_Webinar_048,Meta,DACH,Law Firm - Mid-Market,Law Firm - Mid-Market,Webinar,Speed,Video,CR029,Save Your Seat,2026-05-15,2026-06-30,250,,High volume / low quality; Attribution immature,9591.51,505679,9151,1.81,1054,9.1,228,42,3268848,918878,340.81,95.8
C049,GO_US_Law_Firm_-_Enterprise_Speed_Webinar_049,Google,US,Law Firm - Enterprise,Law Firm - Enterprise,Webinar,Speed,Responsive Display,CR027,Save Your Seat,2026-03-04,2026-05-03,1000,,,48308.04,1517945,57862,3.812,5261,9.18,3306,896,94958953,26541228,1965.7,549.42
C050,LI_DACH_In-House_-_Enterprise_AI_Productivity_Demo_050,LinkedIn,DACH,In-House - Enterprise,In-House - Enterprise,Demo,AI Productivity,Static,CR010,Talk to Sales,2026-04-01,2026-05-07,750,,,22672.44,331042,3860,1.166,195,116.27,91,1,85189,28263,3.76,1.25
C051,ME_DACH_In-House_-_Enterprise_Speed_Content_Download_051,Meta,DACH,In-House - Enterprise,In-House - Enterprise,Content Download,Speed,Video,CR032,Learn More,2026-04-08,2026-05-08,250,E006,High volume / low quality,6513.06,341835,6156,1.801,1063,6.13,319,44,4333312,1230881,665.33,188.99
C052,GO_DACH_IH_MM_Workflow_Automation_Demo_052,Google,DACH,IH MM,In-House - Mid-Market,Demo,Workflow Automation,RSA,CR024,Talk to Sales,2026-04-22,2026-06-17,350,E018,Attribution immature,16028.13,501163,17712,3.534,936,17.12,504,83,5910167,1694299,368.74,105.71
C053,LI_France_In-House_-_Enterprise_Speed_Content_Download_053,LinkedIn,France,In-House - Enterprise,In-House - Enterprise,Content Download,Speed,Static,CR030,Learn More,2026-04-17,2026-05-11,250,,,4876.8,71116,797,1.121,100,48.77,40,0,0,0,0.0,0.0
C054,ME_DACH_In-House_-_Mid-Market_AI_Productivity_Webinar_054,Meta,DACH,In-House - Mid-Market,In-House - Mid-Market,Webinar,AI Productivity,Carousel,CR011,Register,2026-03-06,2026-05-06,500,,High volume / low quality,25288.78,1327535,24158,1.82,2883,8.77,790,157,11775612,3378466,465.65,133.6
C055,GO_US_Law_Firm_MM_AI_Productivity_Demo_055,Google,US,Law Firm MM,Law Firm - Mid-Market,Demo,AI Productivity,RSA,CR008,Talk to Sales,2026-01-16,2026-03-14,1500,,,71828.44,2259023,87550,3.876,4919,14.6,2834,583,39040629,10980174,543.53,152.87
C056,LI_US_Law_Firm_-_Mid-Market_ROI_Content_Download_056,LinkedIn,US,Law Firm - Mid-Market,Law Firm - Mid-Market,Content Download,ROI,Static,CR001,Download Guide,2026-03-08,2026-04-12,500,E010,,15042.46,221180,2389,1.08,327,46.0,180,21,1341358,370428,89.17,24.63
C057,ME_UK_In-House_-_Enterprise_Speed_Webinar_057,Meta,UK,In-House - Enterprise,In-House - Enterprise,Webinar,Speed,Carousel,CR031,Register,2026-03-13,2026-04-21,1500,E006,High volume / low quality,46664.61,2445356,45895,1.877,5401,8.64,1618,353,43617873,12678979,934.71,271.7
C058,GO_US_Law_Firm_-_Mid-Market_Speed_Demo_058,Google,US,Law Firm - Mid-Market,Law Firm - Mid-Market,Demo,Speed,Responsive Display,CR028,Talk to Sales,2026-05-03,2026-05-31,250,,,5787.39,182274,6937,3.806,385,15.03,221,38,2496287,682607,431.33,117.95
C059,LI_US_In-House_-_Enterprise_Customer_Proof_Demo_059,LinkedIn,US,In-House - Enterprise,In-House - Enterprise,Demo,Customer Proof,Carousel,CR017,Book Demo,2026-05-13,2026-06-14,250,E003,,6803.35,99098,956,0.965,44,154.62,12,0,0,0,0.0,0.0
C060,ME_UK_Law_Firm_-_Mid-Market_Customer_Proof_Demo_060,Meta,UK,Law Firm - Mid-Market,Law Firm - Mid-Market,Demo,Customer Proof,Carousel,CR014,Talk to Sales,2026-04-20,2026-05-31,1000,E009,High volume / low quality,33377.35,1751873,29712,1.696,2222,15.02,672,102,6639125,1970910,198.91,59.05
C061,GO_US_Law_Firm_-_Enterprise_AI_Productivity_Webinar_061,Google,US,Law Firm - Enterprise,Law Firm - Enterprise,Webinar,AI Productivity,RSA,CR008,Save Your Seat,2026-04-01,2026-05-04,750,E002,,21364.63,683698,26905,3.935,2438,8.76,1637,439,52798138,14566516,2471.29,681.81
C062,LI_DACH_In-House_-_Mid-Market_Speed_Demo_062,LinkedIn,DACH,In-House - Mid-Market,In-House - Mid-Market,Demo,Speed,Static,CR030,Talk to Sales,2026-02-14,2026-04-23,1500,,,84537.98,1231996,12938,1.05,671,125.99,305,20,1341360,383933,15.87,4.54
C063,ME_US_In-House_-_Enterprise_Workflow_Automation_Content_Download_063,Meta,US,In-House - Enterprise,In-House - Enterprise,Content Download,Workflow Automation,Static,CR022,Download Guide,2026-03-01,2026-03-23,250,,High volume / low quality,4390.88,234385,3957,1.688,676,6.5,179,24,2339541,641197,532.82,146.03
C064,GO_US_Law_Firm_-_Mid-Market_ROI_Webinar_064,Google,US,Law Firm - Mid-Market,Law Firm - Mid-Market,Webinar,ROI,Responsive Display,CR002,Register,2026-01-07,2026-02-27,1000,,,42336.41,1330969,47404,3.562,4390,9.64,2950,950,75318255,21511211,1779.04,508.1
C065,LI_DACH_In-House_-_Enterprise_AI_Productivity_Demo_065,LinkedIn,DACH,In-House - Enterprise,In-House - Enterprise,Demo,AI Productivity,Static,CR010,Book Demo,2026-04-18,2026-06-16,750,,,36869.21,540973,6168,1.14,310,118.93,135,0,0,0,0.0,0.0
C066,ME_US_In-House_-_Enterprise_Security_Content_Download_066,Meta,US,In-House - Enterprise,In-House - Enterprise,Content Download,Security,Static,CR026,Learn More,2026-03-01,2026-05-03,500,E011,Under-tested theme; High volume / low quality,25966.92,1372136,19740,1.439,3470,7.48,1003,162,15668620,4354500,603.41,167.69
C067,GO_US_Law_Firm_-_Enterprise_Customer_Proof_Demo_067,Google,US,Law Firm - Enterprise,Law Firm - Enterprise,Demo,Customer Proof,RSA,CR015,Talk to Sales,2026-05-15,2026-06-30,500,E003,Attribution immature,19048.9,596421,19593,3.285,1128,16.89,563,113,11226450,3349411,589.35,175.83
C068,LI_US_LF_ENT_Workflow_Automation_Content_Download_068,LinkedIn,US,LF ENT,Law Firm - Enterprise,Content Download,Workflow Automation,Carousel,CR020,Learn More,2026-01-25,2026-02-17,750,,,14560.01,216025,2237,1.036,317,45.93,165,21,2342943,704875,160.92,48.41
C069,ME_US_Law_Firm_-_Enterprise_AI_Productivity_Webinar_069,Meta,US,Law Firm - Enterprise,Law Firm - Enterprise,Webinar,AI Productivity,Static,CR007,Save Your Seat,2026-02-10,2026-04-13,1500,,High volume / low quality,76745.22,4045558,75277,1.861,8647,8.88,2513,565,61910851,17452035,806.71,227.4
C070,GO_DACH_In-House_-_Mid-Market_Workflow_Automation_Demo_070,Google,DACH,In-House - Mid-Market,In-House - Mid-Market,Demo,Workflow Automation,Responsive Display,CR023,Book Demo,2026-04-10,2026-05-24,500,E018,,17911.57,557820,19700,3.532,1057,16.95,622,118,7984643,2231606,445.78,124.59
C071,LI_US_In-House_-_Mid-Market_AI_Productivity_Webinar_071,LinkedIn,US,In-House - Mid-Market,In-House - Mid-Market,Webinar,AI Productivity,Carousel,CR011,Save Your Seat,2026-02-06,2026-03-06,1000,E012,,23368.84,341948,3934,1.15,362,64.55,169,26,1991700,531300,85.23,22.74
C072,ME_UK_Law_Firm_-_Mid-Market_ROI_Content_Download_072,Meta,UK,Law Firm - Mid-Market,Law Firm - Mid-Market,Content Download,ROI,Video,CR003,Download Guide,2026-05-03,2026-06-15,350,E013,High volume / low quality,12190.91,639904,11298,1.766,2009,6.07,662,131,8564572,2395969,702.54,196.54
C073,GO_UK_Law_Firm_-_Mid-Market_AI_Productivity_Demo_073,Google,UK,Law Firm - Mid-Market,Law Firm - Mid-Market,Demo,AI Productivity,Responsive Display,CR008,Book Demo,2026-03-02,2026-03-29,500,,,11491.85,357121,13713,3.84,761,15.1,419,79,5544844,1576802,482.5,137.21
C074,LI_DACH_Law_Firm_-_Enterprise_Speed_Webinar_074,LinkedIn,DACH,Law Firm - Enterprise,Law Firm - Enterprise,Webinar,Speed,Static,CR027,Register,2026-01-13,2026-03-11,350,,,16270.44,242911,2696,1.11,225,72.31,94,0,0,0,0.0,0.0
C075,ME_UK_In-House_-_Mid-Market_AI_Productivity_Webinar_075,Meta,UK,In-House - Mid-Market,In-House - Mid-Market,Webinar,AI Productivity,Carousel,CR011,Save Your Seat,2026-04-17,2026-06-16,1500,E007,High volume / low quality,71959.81,3774752,70618,1.871,8637,8.33,2335,516,38989821,10786625,541.83,149.9
C076,GO_US_Enterprise_Legal_AI_Productivity_Webinar_076,Google,US,Enterprise Legal,In-House - Enterprise,Webinar,AI Productivity,RSA,CR012,Register,2026-03-31,2026-05-23,350,E007,,15253.13,470116,18275,3.887,1669,9.14,1026,269,31340885,8732997,2054.72,572.54
C077,LI_US_Law_Firm_-_Enterprise_Security_Webinar_077,LinkedIn,US,Law Firm - Enterprise,Law Firm - Enterprise,Webinar,Security,Static,CR025,Register,2026-02-22,2026-03-14,500,E011,Under-tested theme,8830.17,129521,1215,0.938,107,82.52,46,3,379137,114626,42.94,12.98
C078,ME_US_In-House_-_Enterprise_Workflow_Automation_Content_Download_078,Meta,US,In-House - Enterprise,In-House - Enterprise,Content Download,Workflow Automation,Static,CR022,Learn More,2026-03-29,2026-04-26,500,,High volume / low quality,11610.73,598341,9886,1.652,1685,6.89,504,81,7806296,2195970,672.33,189.13
C079,GO_US_Law_Firm_-_Mid-Market_Customer_Proof_Demo_079,Google,US,Law Firm - Mid-Market,Law Firm - Mid-Market,Demo,Customer Proof,Responsive Display,CR014,Book Demo,2026-05-08,2026-06-23,750,E003,Attribution immature,27992.15,875754,28889,3.299,1661,16.85,900,175,11782983,3412344,420.94,121.9
C080,LI_UK_Law_Firm_MM_ROI_Demo_080,LinkedIn,UK,Law Firm MM,Law Firm - Mid-Market,Demo,ROI,Carousel,CR002,Book Demo,2026-03-24,2026-04-21,250,E014,,5810.36,84793,910,1.073,36,161.4,9,0,0,0,0.0,0.0
C081,ME_US_In-House_-_Mid-Market_Security_Demo_081,Meta,US,In-House - Mid-Market,In-House - Mid-Market,Demo,Security,Carousel,CR026,Talk to Sales,2026-02-04,2026-03-24,750,,Under-tested theme; High volume / low quality,29487.66,1535828,22499,1.465,1582,18.64,399,51,3398919,975852,115.27,33.09
C082,GO_US_In-House_-_Mid-Market_Workflow_Automation_Demo_082,Google,US,In-House - Mid-Market,In-House - Mid-Market,Demo,Workflow Automation,Responsive Display,CR023,Book Demo,2026-04-21,2026-06-13,1000,,,44744.63,1405941,49443,3.517,2635,16.98,1536,325,21432657,6045843,479.0,135.12
C083,LI_DACH_Law_Firm_-_Mid-Market_ROI_Demo_083,LinkedIn,DACH,Law Firm - Mid-Market,Law Firm - Mid-Market,Demo,ROI,Carousel,CR002,Book Demo,2026-01-05,2026-02-16,500,,,17763.23,261338,2839,1.086,135,131.58,53,1,64563,14267,3.63,0.8
C084,ME_France_IH_MM_ROI_Webinar_084,Meta,France,IH MM,In-House - Mid-Market,Webinar,ROI,Static,CR004,Register,2026-01-13,2026-02-08,500,E001,High volume / low quality,11121.89,581824,10252,1.762,1238,8.98,403,98,7870771,2234997,707.68,200.95
C085,GO_US_In-House_-_Enterprise_AI_Productivity_Demo_085,Google,US,In-House - Enterprise,In-House - Enterprise,Demo,AI Productivity,Responsive Display,CR011,Book Demo,2026-01-23,2026-03-24,500,,,25048.65,785530,30541,3.888,1682,14.89,1043,202,19181260,5414102,765.76,216.14
C086,LI_US_IH_MM_Customer_Proof_Content_Download_086,LinkedIn,US,IH MM,In-House - Mid-Market,Content Download,Customer Proof,Static,CR016,Download Guide,2026-04-20,2026-05-09,250,E009,,4113.2,60243,596,0.989,78,52.73,30,0,0,0,0.0,0.0
C087,ME_UK_Law_Firm_-_Enterprise_ROI_Demo_087,Meta,UK,Law Firm - Enterprise,Law Firm - Enterprise,Demo,ROI,Static,CR001,Book Demo,2026-02-19,2026-04-12,250,E004,High volume / low quality,10661.41,565762,9655,1.707,644,16.55,197,21,1961666,569173,184.0,53.39
C088,GO_US_In-House_-_Mid-Market_Workflow_Automation_Demo_088,Google,US,In-House - Mid-Market,In-House - Mid-Market,Demo,Workflow Automation,Responsive Display,CR024,Book Demo,2026-01-05,2026-02-20,1000,,,38129.73,1209290,43031,3.558,2360,16.16,1332,261,17237678,4810171,452.08,126.15
C089,LI_US_In-House_-_Enterprise_ROI_Demo_089,LinkedIn,US,In-House - Enterprise,In-House - Enterprise,Demo,ROI,Video,CR006,Talk to Sales,2026-04-09,2026-06-07,250,,,12068.78,179785,1886,1.049,71,169.98,16,0,0,0,0.0,0.0
C090,ME_UK_Law_Firm_-_Enterprise_ROI_Content_Download_090,Meta,UK,Law Firm - Enterprise,Law Firm - Enterprise,Content Download,ROI,Video,CR003,Learn More,2026-01-11,2026-03-21,350,E013,High volume / low quality,20144.32,1052792,17258,1.639,2993,6.73,1015,197,18188815,5233517,902.93,259.8
C091,GO_US_Law_Firm_-_Mid-Market_Customer_Proof_Webinar_091,Google,US,Law Firm - Mid-Market,Law Firm - Mid-Market,Webinar,Customer Proof,Responsive Display,CR013,Register,2026-03-29,2026-05-02,350,E015,,9781.46,309180,10655,3.446,1051,9.31,652,174,12201331,3408223,1247.39,348.44
C092,LI_DACH_Law_Firm_-_Mid-Market_ROI_Demo_092,LinkedIn,DACH,Law Firm - Mid-Market,Law Firm - Mid-Market,Demo,ROI,Static,CR001,Book Demo,2026-01-31,2026-03-30,500,E017,,22766.82,340409,3520,1.034,158,144.09,60,0,0,0,0.0,0.0
C093,ME_France_Law_Firm_-_Enterprise_ROI_Demo_093,Meta,France,Law Firm - Enterprise,Law Firm - Enterprise,Demo,ROI,Static,CR001,Book Demo,2026-04-03,2026-05-09,1500,E010,High volume / low quality,43545.64,2317612,40883,1.764,2832,15.38,965,205,20457725,5860469,469.8,134.58
C094,GO_US_Law_Firm_-_Mid-Market_AI_Productivity_Webinar_094,Google,US,Law Firm - Mid-Market,Law Firm - Mid-Market,Webinar,AI Productivity,Responsive Display,CR009,Register,2026-02-21,2026-04-15,750,,,32520.36,1026598,40254,3.921,3707,8.77,2182,566,45717314,13093676,1405.81,402.63
C095,LI_DACH_In-House_-_Enterprise_Security_Demo_095,LinkedIn,DACH,In-House - Enterprise,In-House - Enterprise,Demo,Security,Carousel,CR026,Talk to Sales,2026-04-07,2026-05-19,750,,Under-tested theme,26031.29,386611,3564,0.922,177,147.07,75,0,0,0,0.0,0.0
C096,ME_US_In-House_-_Mid-Market_Customer_Proof_Webinar_096,Meta,US,In-House - Mid-Market,In-House - Mid-Market,Webinar,Customer Proof,Carousel,CR017,Register,2026-04-11,2026-06-12,750,E009,High volume / low quality,38201.32,2000037,31226,1.561,4017,9.51,1197,250,19847843,5539944,519.56,145.02
C097,GO_DACH_In-House_-_Enterprise_ROI_Demo_097,Google,DACH,In-House - Enterprise,In-House - Enterprise,Demo,ROI,Responsive Display,CR005,Book Demo,2026-03-17,2026-05-01,350,,,12905.02,407859,14687,3.601,784,16.46,560,130,12758537,3613298,988.65,279.99
C098,LI_DACH_Enterprise_Legal_AI_Productivity_Demo_098,LinkedIn,DACH,Enterprise Legal,In-House - Enterprise,Demo,AI Productivity,Video,CR012,Book Demo,2026-02-05,2026-04-14,250,E012,,13965.07,206485,2255,1.092,85,164.29,15,0,0,0,0.0,0.0
C099,ME_US_In-House_-_Mid-Market_Customer_Proof_Demo_099,Meta,US,In-House - Mid-Market,In-House - Mid-Market,Demo,Customer Proof,Carousel,CR017,Talk to Sales,2026-04-16,2026-05-06,1000,E008,High volume / low quality,17446.2,938269,14851,1.583,1133,15.4,334,53,3874716,1048735,222.1,60.11
C100,GO_DACH_Law_Firm_-_Enterprise_Workflow_Automation_Webinar_100,Google,DACH,Law Firm - Enterprise,Law Firm - Enterprise,Webinar,Workflow Automation,RSA,CR020,Register,2026-03-22,2026-04-14,1000,,,19760.23,611052,21516,3.521,1977,10.0,1245,349,38879532,11324740,1967.56,573.11
C101,LI_UK_In-House_-_Enterprise_Workflow_Automation_Demo_101,LinkedIn,UK,In-House - Enterprise,In-House - Enterprise,Demo,Workflow Automation,Static,CR022,Talk to Sales,2026-02-13,2026-04-13,350,,,16831.07,249093,2507,1.006,110,153.01,27,0,0,0,0.0,0.0
C102,ME_UK_Law_Firm_-_Mid-Market_Workflow_Automation_Content_Download_102,Meta,UK,Law Firm - Mid-Market,Law Firm - Mid-Market,Content Download,Workflow Automation,Static,CR019,Download Guide,2026-01-31,2026-02-22,350,,High volume / low quality,6371.04,343139,5903,1.72,1094,5.82,300,43,3060051,811343,480.31,127.35
C103,GO_US_Law_Firm_-_Enterprise_Speed_Demo_103,Google,US,Law Firm - Enterprise,Law Firm - Enterprise,Demo,Speed,Responsive Display,CR027,Book Demo,2026-01-10,2026-02-13,250,,,6803.61,213639,8396,3.93,440,15.46,255,38,3518709,956942,517.18,140.65
C104,LI_UK_In-House_-_Mid-Market_Customer_Proof_Demo_104,LinkedIn,UK,In-House - Mid-Market,In-House - Mid-Market,Demo,Customer Proof,Carousel,CR017,Book Demo,2026-02-11,2026-03-12,750,E009,,18289.67,269046,2639,0.981,140,130.64,60,0,0,0,0.0,0.0
C105,ME_US_Law_Firm_-_Mid-Market_Workflow_Automation_Content_Download_105,Meta,US,Law Firm - Mid-Market,Law Firm - Mid-Market,Content Download,Workflow Automation,Carousel,CR020,Learn More,2026-05-06,2026-06-04,1000,,High volume / low quality,25574.94,1337255,22146,1.656,3748,6.82,1011,179,11748293,3279346,459.37,128.22
C106,GO_UK_Law_Firm_-_Enterprise_AI_Productivity_Webinar_106,Google,UK,Law Firm - Enterprise,Law Firm - Enterprise,Webinar,AI Productivity,Responsive Display,CR008,Save Your Seat,2026-03-23,2026-04-19,1500,E002,,34048.92,1060468,41269,3.892,3795,8.97,2380,673,76717929,21523180,2253.17,632.13
C107,LI_US_Law_Firm_-_Mid-Market_AI_Productivity_Demo_107,LinkedIn,US,Law Firm - Mid-Market,Law Firm - Mid-Market,Demo,AI Productivity,Video,CR009,Book Demo,2026-02-24,2026-04-25,1000,,,50377.67,737727,8309,1.126,421,119.66,183,2,129686,36715,2.57,0.73
C108,ME_France_In-House_-_Mid-Market_AI_Productivity_Webinar_108,Meta,France,In-House - Mid-Market,In-House - Mid-Market,Webinar,AI Productivity,Video,CR012,Register,2026-05-13,2026-06-23,500,,High volume / low quality; Attribution immature,16732.82,890753,16978,1.906,1953,8.57,462,88,6648634,1838650,397.34,109.88
C109,GO_US_Law_Firm_-_Enterprise_ROI_Webinar_109,Google,US,Law Firm - Enterprise,Law Firm - Enterprise,Webinar,ROI,RSA,CR001,Register,2026-02-07,2026-03-26,1500,E004,,57717.12,1794114,65875,3.672,6334,9.11,4616,1528,167929401,45949063,2909.53,796.11
C110,LI_UK_Law_Firm_-_Mid-Market_Customer_Proof_Demo_110,LinkedIn,UK,Law Firm - Mid-Market,Law Firm - Mid-Market,Demo,Customer Proof,Static,CR013,Talk to Sales,2026-03-22,2026-04-09,1000,E015,,15988.52,237442,2300,0.969,135,118.43,62,3,199333,55927,12.47,3.5
C111,ME_UK_In-House_-_Mid-Market_ROI_Webinar_111,Meta,UK,In-House - Mid-Market,In-House - Mid-Market,Webinar,ROI,Video,CR006,Register,2026-05-08,2026-06-07,500,E004,High volume / low quality,12693.02,644594,11279,1.75,1357,9.35,438,105,7945722,2138322,625.99,168.46
C112,GO_US_In-House_-_Mid-Market_Workflow_Automation_Demo_112,Google,US,In-House - Mid-Market,In-House - Mid-Market,Demo,Workflow Automation,Responsive Display,CR023,Talk to Sales,2026-02-21,2026-04-11,250,E005,,10017.42,314326,11171,3.554,591,16.95,311,48,3316795,957311,331.1,95.56
C113,LI_UK_In-House_-_Mid-Market_Workflow_Automation_Webinar_113,LinkedIn,UK,In-House - Mid-Market,In-House - Mid-Market,Webinar,Workflow Automation,Static,CR022,Register,2026-01-09,2026-03-14,250,,,12996.78,187389,1820,0.971,145,89.63,37,0,0,0,0.0,0.0
C114,ME_US_In-House_-_Mid-Market_Customer_Proof_Webinar_114,Meta,US,In-House - Mid-Market,In-House - Mid-Market,Webinar,Customer Proof,Static,CR016,Save Your Seat,2026-04-10,2026-05-30,250,E016,High volume / low quality,9995.01,526966,8485,1.61,1048,9.54,294,42,3552938,1006768,355.47,100.73
C115,GO_US_In-House_-_Mid-Market_Workflow_Automation_Demo_115,Google,US,In-House - Mid-Market,In-House - Mid-Market,Demo,Workflow Automation,Responsive Display,CR024,Talk to Sales,2026-02-04,2026-03-12,1000,,,30694.73,961068,34038,3.542,1843,16.65,1056,220,15156884,4237571,493.79,138.06
C116,LI_US_In-House_-_Enterprise_Speed_Demo_116,LinkedIn,US,In-House - Enterprise,In-House - Enterprise,Demo,Speed,Static,CR030,Talk to Sales,2026-01-14,2026-02-26,1000,E006,,35274.0,517078,5829,1.127,286,123.34,130,0,0,0,0.0,0.0
C117,ME_France_In-House_-_Enterprise_Speed_Demo_117,Meta,France,In-House - Enterprise,In-House - Enterprise,Demo,Speed,Static,CR030,Talk to Sales,2026-01-16,2026-03-09,500,,High volume / low quality,21327.0,1129219,20349,1.802,1352,15.77,386,43,3907359,1069724,183.21,50.16
C118,GO_US_In-House_-_Mid-Market_ROI_Demo_118,Google,US,In-House - Mid-Market,In-House - Mid-Market,Demo,ROI,RSA,CR004,Book Demo,2026-01-30,2026-03-14,500,E010,,17086.41,534246,19588,3.666,1093,15.63,729,174,11140874,3182633,652.03,186.27
C119,LI_DACH_IH_MM_Customer_Proof_Demo_119,LinkedIn,DACH,IH MM,In-House - Mid-Market,Demo,Customer Proof,Static,CR016,Book Demo,2026-05-02,2026-06-30,750,E008,Attribution immature,36975.12,540631,5286,0.978,280,132.05,113,0,0,0,0.0,0.0
C120,ME_France_In-House_-_Enterprise_Workflow_Automation_Webinar_120,Meta,France,In-House - Enterprise,In-House - Enterprise,Webinar,Workflow Automation,Static,CR022,Register,2026-02-05,2026-02-27,350,,High volume / low quality,6506.51,345365,5861,1.697,668,9.74,194,35,3670162,1053462,564.08,161.91
C121,GO_US_Law_Firm_-_Enterprise_Customer_Proof_Demo_121,Google,US,Law Firm - Enterprise,Law Firm - Enterprise,Demo,Customer Proof,RSA,CR013,Talk to Sales,2026-03-27,2026-05-12,500,E008,,18384.78,573704,19165,3.341,1093,16.82,707,138,12758346,3705818,693.96,201.57
C122,LI_France_In-House_-_Enterprise_Speed_Demo_122,LinkedIn,France,In-House - Enterprise,In-House - Enterprise,Demo,Speed,Video,CR032,Talk to Sales,2026-01-28,2026-03-23,500,,,22213.12,326996,3626,1.109,172,129.15,62,0,0,0,0.0,0.0
C123,ME_US_In-House_-_Enterprise_Speed_Demo_123,Meta,US,In-House - Enterprise,In-House - Enterprise,Demo,Speed,Video,CR032,Talk to Sales,2026-05-15,2026-06-30,350,,High volume / low quality; Attribution immature,13174.55,704116,12574,1.786,842,15.65,171,10,980239,270677,74.4,20.55
C124,GO_DACH_In-House_-_Enterprise_Security_Demo_124,Google,DACH,In-House - Enterprise,In-House - Enterprise,Demo,Security,RSA,CR026,Book Demo,2026-02-13,2026-03-27,350,,Under-tested theme,12333.21,389015,12247,3.148,634,19.45,382,62,5971586,1661732,484.19,134.74
C125,LI_DACH_Law_Firm_-_Mid-Market_Workflow_Automation_Demo_125,LinkedIn,DACH,Law Firm - Mid-Market,Law Firm - Mid-Market,Demo,Workflow Automation,Static,CR019,Talk to Sales,2026-02-04,2026-03-20,1000,E005,,35514.95,519842,5483,1.055,272,130.57,112,1,51692,13728,1.46,0.39
C126,ME_US_Enterprise_Legal_ROI_Webinar_126,Meta,US,Enterprise Legal,In-House - Enterprise,Webinar,ROI,Static,CR004,Save Your Seat,2026-03-31,2026-04-19,250,,High volume / low quality,4202.55,225444,4035,1.79,466,9.02,163,35,4978166,1421228,1184.56,338.18
C127,GO_US_In-House_-_Mid-Market_Speed_Demo_127,Google,US,In-House - Mid-Market,In-House - Mid-Market,Demo,Speed,Responsive Display,CR032,Book Demo,2026-02-05,2026-03-10,350,,,9701.74,305608,11428,3.739,612,15.85,352,56,3629649,1008084,374.12,103.91
C128,LI_UK_In-House_-_Mid-Market_Customer_Proof_Webinar_128,LinkedIn,UK,In-House - Mid-Market,In-House - Mid-Market,Webinar,Customer Proof,Static,CR016,Register,2026-03-19,2026-05-11,350,E009,,15090.82,223459,2176,0.974,197,76.6,79,0,0,0,0.0,0.0
