creative_id,theme,format,audience_group,primary_message,first_used_date,times_used,status,notes
CR001,ROI,Static,Law Firm,Reduce legal work and improve operating leverage,2026-01-14,7,Active,
CR002,ROI,Carousel,Law Firm,Reduce legal work and improve operating leverage,2026-01-05,7,Active,
CR003,ROI,Video,Law Firm,Reduce legal work and improve operating leverage,2026-01-11,4,Active,
CR004,ROI,Static,In-House,Reduce legal work and improve operating leverage,2026-01-13,7,Active,
CR005,ROI,Carousel,In-House,Reduce legal work and improve operating leverage,2026-03-17,2,Active,
CR006,ROI,Video,In-House,Reduce legal work and improve operating leverage,2026-04-09,2,Active,
CR007,AI Productivity,Static,Law Firm,Help legal teams complete more work with AI,2026-02-07,3,Active,
CR008,AI Productivity,Carousel,Law Firm,Help legal teams complete more work with AI,2026-01-16,5,Active,
CR009,AI Productivity,Video,Law Firm,Help legal teams complete more work with AI,2026-02-21,2,Active,
CR010,AI Productivity,Static,In-House,Help legal teams complete more work with AI,2026-02-11,4,Active,
CR011,AI Productivity,Carousel,In-House,Help legal teams complete more work with AI,2026-01-23,5,Active,
CR012,AI Productivity,Video,In-House,Help legal teams complete more work with AI,2026-02-05,5,Active,
CR013,Customer Proof,Static,Law Firm,Trusted by leading legal teams,2026-03-22,3,Active,
CR014,Customer Proof,Carousel,Law Firm,Trusted by leading legal teams,2026-03-28,3,Active,
CR015,Customer Proof,Video,Law Firm,Trusted by leading legal teams,2026-03-03,2,Active,
CR016,Customer Proof,Static,In-House,Trusted by leading legal teams,2026-03-19,4,Active,
CR017,Customer Proof,Carousel,In-House,Trusted by leading legal teams,2026-02-11,5,Active,
CR018,Customer Proof,Video,In-House,Trusted by leading legal teams,2026-05-15,1,Active,
CR019,Workflow Automation,Static,Law Firm,Automate end-to-end legal workflows,2026-01-31,3,Active,
CR020,Workflow Automation,Carousel,Law Firm,Automate end-to-end legal workflows,2026-01-25,5,Active,
CR021,Workflow Automation,Video,Law Firm,Automate end-to-end legal workflows,,0,Active,
CR022,Workflow Automation,Static,In-House,Automate end-to-end legal workflows,2026-01-09,5,Active,
CR023,Workflow Automation,Carousel,In-House,Automate end-to-end legal workflows,2026-01-08,6,Active,
CR024,Workflow Automation,Video,In-House,Automate end-to-end legal workflows,2026-01-05,6,Active,
CR025,Security,Static,Law Firm,Enterprise-grade security and governance,2026-02-16,3,Active,Security is intentionally under-tested.
CR026,Security,Static,In-House,Enterprise-grade security and governance,2026-02-04,5,Active,Security is intentionally under-tested.
CR027,Speed,Static,Law Firm,Move from question to work product faster,2026-01-10,6,Active,
CR028,Speed,Carousel,Law Firm,Move from question to work product faster,2026-04-14,2,Active,
CR029,Speed,Video,Law Firm,Move from question to work product faster,2026-03-01,2,Active,
CR030,Speed,Static,In-House,Move from question to work product faster,2026-01-14,5,Active,
CR031,Speed,Carousel,In-House,Move from question to work product faster,2026-03-13,2,Active,
CR032,Speed,Video,In-House,Move from question to work product faster,2026-01-28,7,Active,
